"filename", "language", "Shell Script", "Markdown", "pip requirements", "JavaScript JSX", "Python", "JavaScript", "JSON", "PostCSS", "HTML", "comment", "blank", "total"
"c:\HRMS\DATABASE_MIGRATION.md", "Markdown", 0, 132, 0, 0, 0, 0, 0, 0, 0, 0, 49, 181
"c:\HRMS\INSTALLATION.md", "Markdown", 0, 163, 0, 0, 0, 0, 0, 0, 0, 0, 67, 230
"c:\HRMS\README.md", "Markdown", 0, 312, 0, 0, 0, 0, 0, 0, 0, 0, 100, 412
"c:\HRMS\backup.sh", "Shell Script", 61, 0, 0, 0, 0, 0, 0, 0, 0, 49, 24, 134
"c:\HRMS\deploy.sh", "Shell Script", 287, 0, 0, 0, 0, 0, 0, 0, 0, 83, 69, 439
"c:\HRMS\frontend\package.json", "JSON", 0, 0, 0, 0, 0, 0, 43, 0, 0, 0, 0, 43
"c:\HRMS\frontend\public\index.html", "HTML", 0, 0, 0, 0, 0, 0, 0, 0, 17, 0, 0, 17
"c:\HRMS\frontend\src\App.jsx", "JavaScript JSX", 0, 0, 0, 452, 0, 0, 0, 0, 0, 21, 20, 493
"c:\HRMS\frontend\src\AppRoutes.jsx", "JavaScript JSX", 0, 0, 0, 89, 0, 0, 0, 0, 0, 16, 10, 115
"c:\HRMS\frontend\src\core\api\axiosConfig.js", "JavaScript", 0, 0, 0, 0, 0, 61, 0, 0, 0, 9, 11, 81
"c:\HRMS\frontend\src\core\api\endpoints.js", "JavaScript", 0, 0, 0, 0, 0, 43, 0, 0, 0, 9, 7, 59
"c:\HRMS\frontend\src\core\components\charts\Charts.jsx", "JavaScript JSX", 0, 0, 0, 137, 0, 0, 0, 0, 0, 16, 8, 161
"c:\HRMS\frontend\src\core\components\employee\BasicInfoTab.jsx", "JavaScript JSX", 0, 0, 0, 194, 0, 0, 0, 0, 0, 4, 16, 214
"c:\HRMS\frontend\src\core\components\employee\DocumentPreviewModal.jsx", "JavaScript JSX", 0, 0, 0, 58, 0, 0, 0, 0, 0, 0, 7, 65
"c:\HRMS\frontend\src\core\components\employee\DocumentUploadModal.jsx", "JavaScript JSX", 0, 0, 0, 101, 0, 0, 0, 0, 0, 1, 11, 113
"c:\HRMS\frontend\src\core\components\employee\DocumentsTab.jsx", "JavaScript JSX", 0, 0, 0, 241, 0, 0, 0, 0, 0, 6, 17, 264
"c:\HRMS\frontend\src\core\components\employee\EmploymentHistoryTab.jsx", "JavaScript JSX", 0, 0, 0, 270, 0, 0, 0, 0, 0, 3, 18, 291
"c:\HRMS\frontend\src\core\components\employee\EmploymentTab.jsx", "JavaScript JSX", 0, 0, 0, 125, 0, 0, 0, 0, 0, 2, 12, 139
"c:\HRMS\frontend\src\core\components\employee\ReceiptsTab.jsx", "JavaScript JSX", 0, 0, 0, 148, 0, 0, 0, 0, 0, 2, 13, 163
"c:\HRMS\frontend\src\core\components\employee\SalaryPayslip.jsx", "JavaScript JSX", 0, 0, 0, 208, 0, 0, 0, 0, 0, 9, 15, 232
"c:\HRMS\frontend\src\core\components\employee\SalaryRecordsTab.jsx", "JavaScript JSX", 0, 0, 0, 68, 0, 0, 0, 0, 0, 0, 7, 75
"c:\HRMS\frontend\src\core\components\employee\WorkRecordTab.jsx", "JavaScript JSX", 0, 0, 0, 135, 0, 0, 0, 0, 0, 0, 14, 149
"c:\HRMS\frontend\src\core\components\settings\GeneralSettingsPanel.jsx", "JavaScript JSX", 0, 0, 0, 151, 0, 0, 0, 0, 0, 4, 15, 170
"c:\HRMS\frontend\src\core\components\settings\shared.jsx", "JavaScript JSX", 0, 0, 0, 257, 0, 0, 0, 0, 0, 8, 22, 287
"c:\HRMS\frontend\src\core\components\ui\BulkExcelImport.jsx", "JavaScript JSX", 0, 0, 0, 129, 0, 0, 0, 0, 0, 7, 11, 147
"c:\HRMS\frontend\src\core\components\ui\CompanySwitcher.jsx", "JavaScript JSX", 0, 0, 0, 72, 0, 0, 0, 0, 0, 1, 7, 80
"c:\HRMS\frontend\src\core\components\ui\EmployeeAvatar.jsx", "JavaScript JSX", 0, 0, 0, 38, 0, 0, 0, 0, 0, 9, 5, 52
"c:\HRMS\frontend\src\core\components\ui\ErrorBoundary.jsx", "JavaScript JSX", 0, 0, 0, 42, 0, 0, 0, 0, 0, 3, 5, 50
"c:\HRMS\frontend\src\core\components\ui\GlobalErrorSnackbar.jsx", "JavaScript JSX", 0, 0, 0, 29, 0, 0, 0, 0, 0, 4, 7, 40
"c:\HRMS\frontend\src\core\components\ui\GummyBearOverlay.jsx", "JavaScript JSX", 0, 0, 0, 35, 0, 0, 0, 0, 0, 7, 8, 50
"c:\HRMS\frontend\src\core\components\ui\HRAssistant.jsx", "JavaScript JSX", 0, 0, 0, 143, 0, 0, 0, 0, 0, 11, 10, 164
"c:\HRMS\frontend\src\core\components\ui\Header.jsx", "JavaScript JSX", 0, 0, 0, 81, 0, 0, 0, 0, 0, 0, 10, 91
"c:\HRMS\frontend\src\core\components\ui\HelpDialog.jsx", "JavaScript JSX", 0, 0, 0, 435, 0, 0, 0, 0, 0, 8, 17, 460
"c:\HRMS\frontend\src\core\components\ui\JalaliDatePicker.jsx", "JavaScript JSX", 0, 0, 0, 67, 0, 0, 0, 0, 0, 16, 9, 92
"c:\HRMS\frontend\src\core\components\ui\LanguageSwitcher.jsx", "JavaScript JSX", 0, 0, 0, 2, 0, 0, 0, 0, 0, 1, 1, 4
"c:\HRMS\frontend\src\core\components\ui\Layout.jsx", "JavaScript JSX", 0, 0, 0, 313, 0, 0, 0, 0, 0, 13, 18, 344
"c:\HRMS\frontend\src\core\components\ui\StatusBadge.jsx", "JavaScript JSX", 0, 0, 0, 28, 0, 0, 0, 0, 0, 0, 4, 32
"c:\HRMS\frontend\src\core\config\menuConfig.js", "JavaScript", 0, 0, 0, 0, 0, 109, 0, 0, 0, 10, 2, 121
"c:\HRMS\frontend\src\core\context\AuthContext.jsx", "JavaScript JSX", 0, 0, 0, 55, 0, 0, 0, 0, 0, 9, 7, 71
"c:\HRMS\frontend\src\core\context\CompanyContext.jsx", "JavaScript JSX", 0, 0, 0, 75, 0, 0, 0, 0, 0, 10, 9, 94
"c:\HRMS\frontend\src\core\context\LanguageContext.jsx", "JavaScript JSX", 0, 0, 0, 43, 0, 0, 0, 0, 0, 10, 8, 61
"c:\HRMS\frontend\src\core\context\ThemeContext.jsx", "JavaScript JSX", 0, 0, 0, 54, 0, 0, 0, 0, 0, 0, 10, 64
"c:\HRMS\frontend\src\core\engines\authEngine.js", "JavaScript", 0, 0, 0, 0, 0, 65, 0, 0, 0, 35, 12, 112
"c:\HRMS\frontend\src\core\engines\companyEngine.js", "JavaScript", 0, 0, 0, 0, 0, 47, 0, 0, 0, 36, 11, 94
"c:\HRMS\frontend\src\core\engines\errorBus.js", "JavaScript", 0, 0, 0, 0, 0, 11, 0, 0, 0, 5, 2, 18
"c:\HRMS\frontend\src\core\engines\languageEngine.js", "JavaScript", 0, 0, 0, 0, 0, 76, 0, 0, 0, 46, 13, 135
"c:\HRMS\frontend\src\core\engines\storageEngine.js", "JavaScript", 0, 0, 0, 0, 0, 50, 0, 0, 0, 35, 8, 93
"c:\HRMS\frontend\src\core\hooks\useAuth.js", "JavaScript", 0, 0, 0, 0, 0, 10, 0, 0, 0, 4, 2, 16
"c:\HRMS\frontend\src\core\hooks\useCompany.js", "JavaScript", 0, 0, 0, 0, 0, 10, 0, 0, 0, 4, 2, 16
"c:\HRMS\frontend\src\core\hooks\useDocuments.js", "JavaScript", 0, 0, 0, 0, 0, 53, 0, 0, 0, 0, 8, 61
"c:\HRMS\frontend\src\core\hooks\useEmployees.js", "JavaScript", 0, 0, 0, 0, 0, 104, 0, 0, 0, 21, 18, 143
"c:\HRMS\frontend\src\core\hooks\useLanguage.js", "JavaScript", 0, 0, 0, 0, 0, 10, 0, 0, 0, 4, 2, 16
"c:\HRMS\frontend\src\core\utils\dateUtils.js", "JavaScript", 0, 0, 0, 0, 0, 54, 0, 0, 0, 21, 9, 84
"c:\HRMS\frontend\src\core\utils\numberUtils.js", "JavaScript", 0, 0, 0, 0, 0, 24, 0, 0, 0, 17, 5, 46
"c:\HRMS\frontend\src\index.css", "PostCSS", 0, 0, 0, 0, 0, 0, 0, 126, 0, 14, 22, 162
"c:\HRMS\frontend\src\index.js", "JavaScript", 0, 0, 0, 0, 0, 10, 0, 0, 0, 0, 1, 11
"c:\HRMS\frontend\src\locales\en\translation.json", "JSON", 0, 0, 0, 0, 0, 0, 226, 0, 0, 0, 1, 227
"c:\HRMS\frontend\src\locales\fa\translation.json", "JSON", 0, 0, 0, 0, 0, 0, 304, 0, 0, 0, 1, 305
"c:\HRMS\frontend\src\modules\attendance\Attendance.jsx", "JavaScript JSX", 0, 0, 0, 13, 0, 0, 0, 0, 0, 0, 2, 15
"c:\HRMS\frontend\src\modules\correspondences\Announcements.jsx", "JavaScript JSX", 0, 0, 0, 41, 0, 0, 0, 0, 0, 0, 4, 45
"c:\HRMS\frontend\src\modules\correspondences\Forms.jsx", "JavaScript JSX", 0, 0, 0, 27, 0, 0, 0, 0, 0, 0, 2, 29
"c:\HRMS\frontend\src\modules\correspondences\IncomingLetters.jsx", "JavaScript JSX", 0, 0, 0, 43, 0, 0, 0, 0, 0, 0, 3, 46
"c:\HRMS\frontend\src\modules\correspondences\Organizations.jsx", "JavaScript JSX", 0, 0, 0, 190, 0, 0, 0, 0, 0, 3, 15, 208
"c:\HRMS\frontend\src\modules\correspondences\OutgoingLetters.jsx", "JavaScript JSX", 0, 0, 0, 43, 0, 0, 0, 0, 0, 0, 3, 46
"c:\HRMS\frontend\src\modules\correspondences\config.js", "JavaScript", 0, 0, 0, 0, 0, 17, 0, 0, 0, 0, 2, 19
"c:\HRMS\frontend\src\modules\correspondences\shared.jsx", "JavaScript JSX", 0, 0, 0, 253, 0, 0, 0, 0, 0, 7, 15, 275
"c:\HRMS\frontend\src\modules\dataEntry\AbsenceForm.jsx", "JavaScript JSX", 0, 0, 0, 40, 0, 0, 0, 0, 0, 0, 3, 43
"c:\HRMS\frontend\src\modules\dataEntry\BenefitBulkImport.jsx", "JavaScript JSX", 0, 0, 0, 126, 0, 0, 0, 0, 0, 0, 11, 137
"c:\HRMS\frontend\src\modules\dataEntry\BenefitForm.jsx", "JavaScript JSX", 0, 0, 0, 120, 0, 0, 0, 0, 0, 0, 13, 133
"c:\HRMS\frontend\src\modules\dataEntry\BenefitList.jsx", "JavaScript JSX", 0, 0, 0, 124, 0, 0, 0, 0, 0, 0, 9, 133
"c:\HRMS\frontend\src\modules\dataEntry\BenefitTab.jsx", "JavaScript JSX", 0, 0, 0, 44, 0, 0, 0, 0, 0, 6, 5, 55
"c:\HRMS\frontend\src\modules\dataEntry\DeductionForm.jsx", "JavaScript JSX", 0, 0, 0, 35, 0, 0, 0, 0, 0, 0, 3, 38
"c:\HRMS\frontend\src\modules\dataEntry\LeaveForm.jsx", "JavaScript JSX", 0, 0, 0, 2, 0, 0, 0, 0, 0, 3, 1, 6
"c:\HRMS\frontend\src\modules\dataEntry\SalaryBulkImport.jsx", "JavaScript JSX", 0, 0, 0, 158, 0, 0, 0, 0, 0, 4, 14, 176
"c:\HRMS\frontend\src\modules\dataEntry\SalaryForm.jsx", "JavaScript JSX", 0, 0, 0, 269, 0, 0, 0, 0, 0, 9, 20, 298
"c:\HRMS\frontend\src\modules\dataEntry\SalaryList.jsx", "JavaScript JSX", 0, 0, 0, 120, 0, 0, 0, 0, 0, 2, 9, 131
"c:\HRMS\frontend\src\modules\dataEntry\SalaryTab.jsx", "JavaScript JSX", 0, 0, 0, 52, 0, 0, 0, 0, 0, 6, 5, 63
"c:\HRMS\frontend\src\modules\dataEntry\SharedForm.jsx", "JavaScript JSX", 0, 0, 0, 106, 0, 0, 0, 0, 0, 14, 17, 137
"c:\HRMS\frontend\src\modules\dataEntry\config.js", "JavaScript", 0, 0, 0, 0, 0, 95, 0, 0, 0, 7, 5, 107
"c:\HRMS\frontend\src\modules\documents\Documents.jsx", "JavaScript JSX", 0, 0, 0, 13, 0, 0, 0, 0, 0, 0, 2, 15
"c:\HRMS\frontend\src\modules\employees\Employees.jsx", "JavaScript JSX", 0, 0, 0, 13, 0, 0, 0, 0, 0, 0, 2, 15
"c:\HRMS\frontend\src\modules\leaves\Leaves.jsx", "JavaScript JSX", 0, 0, 0, 13, 0, 0, 0, 0, 0, 0, 2, 15
"c:\HRMS\frontend\src\modules\orgchart\OrgChart.jsx", "JavaScript JSX", 0, 0, 0, 13, 0, 0, 0, 0, 0, 0, 2, 15
"c:\HRMS\frontend\src\modules\payroll\Payroll.jsx", "JavaScript JSX", 0, 0, 0, 13, 0, 0, 0, 0, 0, 0, 2, 15
"c:\HRMS\frontend\src\modules\settings\Settings.jsx", "JavaScript JSX", 0, 0, 0, 153, 0, 0, 0, 0, 0, 2, 15, 170
"c:\HRMS\frontend\src\pages\AdvancedSearchPage.jsx", "JavaScript JSX", 0, 0, 0, 209, 0, 0, 0, 0, 0, 8, 16, 233
"c:\HRMS\frontend\src\pages\AppearancePage.jsx", "JavaScript JSX", 0, 0, 0, 195, 0, 0, 0, 0, 0, 11, 14, 220
"c:\HRMS\frontend\src\pages\AssistantPage.jsx", "JavaScript JSX", 0, 0, 0, 32, 0, 0, 0, 0, 0, 1, 3, 36
"c:\HRMS\frontend\src\pages\AttendancePage.jsx", "JavaScript JSX", 0, 0, 0, 327, 0, 0, 0, 0, 0, 9, 26, 362
"c:\HRMS\frontend\src\pages\AuditPage.jsx", "JavaScript JSX", 0, 0, 0, 70, 0, 0, 0, 0, 0, 1, 4, 75
"c:\HRMS\frontend\src\pages\BenefitsPage.jsx", "JavaScript JSX", 0, 0, 0, 24, 0, 0, 0, 0, 0, 1, 2, 27
"c:\HRMS\frontend\src\pages\ComingSoonPage.jsx", "JavaScript JSX", 0, 0, 0, 86, 0, 0, 0, 0, 0, 5, 7, 98
"c:\HRMS\frontend\src\pages\CompanyDocumentsPage.jsx", "JavaScript JSX", 0, 0, 0, 429, 0, 0, 0, 0, 0, 8, 31, 468
"c:\HRMS\frontend\src\pages\CorrespondencesPage.jsx", "JavaScript JSX", 0, 0, 0, 81, 0, 0, 0, 0, 0, 2, 6, 89
"c:\HRMS\frontend\src\pages\Dashboard.jsx", "JavaScript JSX", 0, 0, 0, 92, 0, 0, 0, 0, 0, 0, 6, 98
"c:\HRMS\frontend\src\pages\DashboardPage.jsx", "JavaScript JSX", 0, 0, 0, 205, 0, 0, 0, 0, 0, 14, 16, 235
"c:\HRMS\frontend\src\pages\DataEntryPage.jsx", "JavaScript JSX", 0, 0, 0, 178, 0, 0, 0, 0, 0, 4, 14, 196
"c:\HRMS\frontend\src\pages\DataImportPage.jsx", "JavaScript JSX", 0, 0, 0, 191, 0, 0, 0, 0, 0, 8, 12, 211
"c:\HRMS\frontend\src\pages\DeductionsPage.jsx", "JavaScript JSX", 0, 0, 0, 24, 0, 0, 0, 0, 0, 1, 2, 27
"c:\HRMS\frontend\src\pages\DefinitionsPage.jsx", "JavaScript JSX", 0, 0, 0, 120, 0, 0, 0, 0, 0, 3, 8, 131
"c:\HRMS\frontend\src\pages\EmployeeForm.jsx", "JavaScript JSX", 0, 0, 0, 549, 0, 0, 0, 0, 0, 1, 43, 593
"c:\HRMS\frontend\src\pages\EmployeeListPage.jsx", "JavaScript JSX", 0, 0, 0, 217, 0, 0, 0, 0, 0, 3, 12, 232
"c:\HRMS\frontend\src\pages\EmployeeProfilePage.jsx", "JavaScript JSX", 0, 0, 0, 181, 0, 0, 0, 0, 0, 8, 13, 202
"c:\HRMS\frontend\src\pages\FinanceReportsPage.jsx", "JavaScript JSX", 0, 0, 0, 103, 0, 0, 0, 0, 0, 1, 7, 111
"c:\HRMS\frontend\src\pages\LeavePage.jsx", "JavaScript JSX", 0, 0, 0, 290, 0, 0, 0, 0, 0, 8, 23, 321
"c:\HRMS\frontend\src\pages\LoansPage.jsx", "JavaScript JSX", 0, 0, 0, 260, 0, 0, 0, 0, 0, 1, 23, 284
"c:\HRMS\frontend\src\pages\Login.jsx", "JavaScript JSX", 0, 0, 0, 303, 0, 0, 0, 0, 0, 9, 22, 334
"c:\HRMS\frontend\src\pages\OrgChartPage.jsx", "JavaScript JSX", 0, 0, 0, 461, 0, 0, 0, 0, 0, 12, 31, 504
"c:\HRMS\frontend\src\pages\PayslipsPage.jsx", "JavaScript JSX", 0, 0, 0, 26, 0, 0, 0, 0, 0, 1, 2, 29
"c:\HRMS\frontend\src\pages\PhonebookPage.jsx", "JavaScript JSX", 0, 0, 0, 270, 0, 0, 0, 0, 0, 5, 18, 293
"c:\HRMS\frontend\src\pages\ReportsPage.jsx", "JavaScript JSX", 0, 0, 0, 362, 0, 0, 0, 0, 0, 20, 31, 413
"c:\HRMS\frontend\src\pages\RequestsPage.jsx", "JavaScript JSX", 0, 0, 0, 181, 0, 0, 0, 0, 0, 1, 11, 193
"c:\HRMS\frontend\src\pages\ScoringPage.jsx", "JavaScript JSX", 0, 0, 0, 190, 0, 0, 0, 0, 0, 4, 15, 209
"c:\HRMS\frontend\src\pages\SupplementaryInsurancePage.jsx", "JavaScript JSX", 0, 0, 0, 286, 0, 0, 0, 0, 0, 5, 16, 307
"c:\HRMS\frontend\src\pages\UsersPage.jsx", "JavaScript JSX", 0, 0, 0, 276, 0, 0, 0, 0, 0, 5, 13, 294
"c:\HRMS\hrms_project\attendance\__init__.py", "Python", 0, 0, 0, 0, 0, 0, 0, 0, 0, 1, 0, 1
"c:\HRMS\hrms_project\attendance\apps.py", "Python", 0, 0, 0, 0, 6, 0, 0, 0, 0, 0, 2, 8
"c:\HRMS\hrms_project\attendance\migrations\0001_initial.py", "Python", 0, 0, 0, 0, 37, 0, 0, 0, 0, 1, 7, 45
"c:\HRMS\hrms_project\attendance\migrations\__init__.py", "Python", 0, 0, 0, 0, 0, 0, 0, 0, 0, 0, 1, 1
"c:\HRMS\hrms_project\attendance\models.py", "Python", 0, 0, 0, 0, 46, 0, 0, 0, 0, 2, 6, 54
"c:\HRMS\hrms_project\attendance\serializers.py", "Python", 0, 0, 0, 0, 26, 0, 0, 0, 0, 2, 4, 32
"c:\HRMS\hrms_project\attendance\urls.py", "Python", 0, 0, 0, 0, 8, 0, 0, 0, 0, 1, 2, 11
"c:\HRMS\hrms_project\attendance\views.py", "Python", 0, 0, 0, 0, 126, 0, 0, 0, 0, 14, 25, 165
"c:\HRMS\hrms_project\core\__init__.py", "Python", 0, 0, 0, 0, 0, 0, 0, 0, 0, 1, 0, 1
"c:\HRMS\hrms_project\core\admin.py", "Python", 0, 0, 0, 0, 35, 0, 0, 0, 0, 0, 6, 41
"c:\HRMS\hrms_project\core\apps.py", "Python", 0, 0, 0, 0, 6, 0, 0, 0, 0, 0, 2, 8
"c:\HRMS\hrms_project\core\engines\__init__.py", "Python", 0, 0, 0, 0, 4, 0, 0, 0, 0, 1, 0, 5
"c:\HRMS\hrms_project\core\engines\analytics_engine.py", "Python", 0, 0, 0, 0, 417, 0, 0, 0, 0, 74, 64, 555
"c:\HRMS\hrms_project\core\engines\assistant_charts.py", "Python", 0, 0, 0, 0, 88, 0, 0, 0, 0, 8, 21, 117
"c:\HRMS\hrms_project\core\engines\assistant_engine.py", "Python", 0, 0, 0, 0, 972, 0, 0, 0, 0, 112, 179, 1263
"c:\HRMS\hrms_project\core\engines\authentication_engine.py", "Python", 0, 0, 0, 0, 90, 0, 0, 0, 0, 60, 19, 169
"c:\HRMS\hrms_project\core\engines\company_engine.py", "Python", 0, 0, 0, 0, 76, 0, 0, 0, 0, 93, 15, 184
"c:\HRMS\hrms_project\core\engines\encryption_engine.py", "Python", 0, 0, 0, 0, 52, 0, 0, 0, 0, 23, 10, 85
"c:\HRMS\hrms_project\core\engines\file_storage_engine.py", "Python", 0, 0, 0, 0, 108, 0, 0, 0, 0, 100, 28, 236
"c:\HRMS\hrms_project\core\engines\import_engine.py", "Python", 0, 0, 0, 0, 700, 0, 0, 0, 0, 46, 61, 807
"c:\HRMS\hrms_project\core\engines\language_engine.py", "Python", 0, 0, 0, 0, 53, 0, 0, 0, 0, 68, 16, 137
"c:\HRMS\hrms_project\core\engines\permission_engine.py", "Python", 0, 0, 0, 0, 26, 0, 0, 0, 0, 11, 8, 45
"c:\HRMS\hrms_project\core\engines\search_engine.py", "Python", 0, 0, 0, 0, 110, 0, 0, 0, 0, 34, 26, 170
"c:\HRMS\hrms_project\core\management\__init__.py", "Python", 0, 0, 0, 0, 0, 0, 0, 0, 0, 1, 0, 1
"c:\HRMS\hrms_project\core\management\commands\__init__.py", "Python", 0, 0, 0, 0, 0, 0, 0, 0, 0, 1, 0, 1
"c:\HRMS\hrms_project\core\management\commands\create_tenant.py", "Python", 0, 0, 0, 0, 114, 0, 0, 0, 0, 9, 13, 136
"c:\HRMS\hrms_project\core\management\commands\export_tenant_data.py", "Python", 0, 0, 0, 0, 79, 0, 0, 0, 0, 18, 14, 111
"c:\HRMS\hrms_project\core\management\commands\import_tenant_data.py", "Python", 0, 0, 0, 0, 160, 0, 0, 0, 0, 26, 35, 221
"c:\HRMS\hrms_project\core\management\commands\load_sample_data.py", "Python", 0, 0, 0, 0, 164, 0, 0, 0, 0, 28, 16, 208
"c:\HRMS\hrms_project\core\management\commands\migrate_schemas.py", "Python", 0, 0, 0, 0, 99, 0, 0, 0, 0, 14, 19, 132
"c:\HRMS\hrms_project\core\management\commands\setup_dev.py", "Python", 0, 0, 0, 0, 90, 0, 0, 0, 0, 16, 16, 122
"c:\HRMS\hrms_project\core\middleware\__init__.py", "Python", 0, 0, 0, 0, 0, 0, 0, 0, 0, 1, 0, 1
"c:\HRMS\hrms_project\core\middleware\audit_middleware.py", "Python", 0, 0, 0, 0, 61, 0, 0, 0, 0, 50, 19, 130
"c:\HRMS\hrms_project\core\middleware\language_middleware.py", "Python", 0, 0, 0, 0, 28, 0, 0, 0, 0, 27, 11, 66
"c:\HRMS\hrms_project\core\middleware\tenant_middleware.py", "Python", 0, 0, 0, 0, 27, 0, 0, 0, 0, 21, 10, 58
"c:\HRMS\hrms_project\core\migrations\0001_initial.py", "Python", 0, 0, 0, 0, 90, 0, 0, 0, 0, 1, 7, 98
"c:\HRMS\hrms_project\core\migrations\0002_rolepermission_remove_company_created_on_and_more.py", "Python", 0, 0, 0, 0, 53, 0, 0, 0, 0, 1, 6, 60
"c:\HRMS\hrms_project\core\migrations\__init__.py", "Python", 0, 0, 0, 0, 0, 0, 0, 0, 0, 0, 1, 1
"c:\HRMS\hrms_project\core\models\__init__.py", "Python", 0, 0, 0, 0, 4, 0, 0, 0, 0, 0, 1, 5
"c:\HRMS\hrms_project\core\models\audit_log.py", "Python", 0, 0, 0, 0, 79, 0, 0, 0, 0, 4, 5, 88
"c:\HRMS\hrms_project\core\models\base_model.py", "Python", 0, 0, 0, 0, 27, 0, 0, 0, 0, 4, 3, 34
"c:\HRMS\hrms_project\core\models\tenant.py", "Python", 0, 0, 0, 0, 101, 0, 0, 0, 0, 8, 9, 118
"c:\HRMS\hrms_project\core\models\user.py", "Python", 0, 0, 0, 0, 226, 0, 0, 0, 0, 12, 21, 259
"c:\HRMS\hrms_project\core\search_views.py", "Python", 0, 0, 0, 0, 42, 0, 0, 0, 0, 4, 8, 54
"c:\HRMS\hrms_project\core\serializers.py", "Python", 0, 0, 0, 0, 70, 0, 0, 0, 0, 15, 22, 107
"c:\HRMS\hrms_project\core\tasks.py", "Python", 0, 0, 0, 0, 25, 0, 0, 0, 0, 8, 8, 41
"c:\HRMS\hrms_project\core\urls.py", "Python", 0, 0, 0, 0, 21, 0, 0, 0, 0, 8, 6, 35
"c:\HRMS\hrms_project\core\urls_search.py", "Python", 0, 0, 0, 0, 7, 0, 0, 0, 0, 1, 1, 9
"c:\HRMS\hrms_project\core\views.py", "Python", 0, 0, 0, 0, 328, 0, 0, 0, 0, 50, 82, 460
"c:\HRMS\hrms_project\correspondences\__init__.py", "Python", 0, 0, 0, 0, 0, 0, 0, 0, 0, 1, 0, 1
"c:\HRMS\hrms_project\correspondences\apps.py", "Python", 0, 0, 0, 0, 5, 0, 0, 0, 0, 0, 2, 7
"c:\HRMS\hrms_project\correspondences\migrations\0001_initial.py", "Python", 0, 0, 0, 0, 97, 0, 0, 0, 0, 1, 7, 105
"c:\HRMS\hrms_project\correspondences\migrations\0002_announcement_file_organization_organizationalletter.py", "Python", 0, 0, 0, 0, 62, 0, 0, 0, 0, 1, 6, 69
"c:\HRMS\hrms_project\correspondences\migrations\0003_multi_employee_letters.py", "Python", 0, 0, 0, 0, 58, 0, 0, 0, 0, 1, 6, 65
"c:\HRMS\hrms_project\correspondences\migrations\__init__.py", "Python", 0, 0, 0, 0, 0, 0, 0, 0, 0, 0, 1, 1
"c:\HRMS\hrms_project\correspondences\models.py", "Python", 0, 0, 0, 0, 128, 0, 0, 0, 0, 7, 25, 160
"c:\HRMS\hrms_project\correspondences\serializers.py", "Python", 0, 0, 0, 0, 66, 0, 0, 0, 0, 2, 28, 96
"c:\HRMS\hrms_project\correspondences\urls.py", "Python", 0, 0, 0, 0, 16, 0, 0, 0, 0, 0, 2, 18
"c:\HRMS\hrms_project\correspondences\views.py", "Python", 0, 0, 0, 0, 90, 0, 0, 0, 0, 8, 24, 122
"c:\HRMS\hrms_project\documents\__init__.py", "Python", 0, 0, 0, 0, 0, 0, 0, 0, 0, 1, 0, 1
"c:\HRMS\hrms_project\documents\apps.py", "Python", 0, 0, 0, 0, 6, 0, 0, 0, 0, 0, 2, 8
"c:\HRMS\hrms_project\documents\engines\__init__.py", "Python", 0, 0, 0, 0, 1, 0, 0, 0, 0, 0, 0, 1
"c:\HRMS\hrms_project\documents\engines\document_engine.py", "Python", 0, 0, 0, 0, 112, 0, 0, 0, 0, 49, 21, 182
"c:\HRMS\hrms_project\documents\migrations\0001_initial.py", "Python", 0, 0, 0, 0, 54, 0, 0, 0, 0, 1, 7, 62
"c:\HRMS\hrms_project\documents\migrations\0002_alter_document_company_alter_documenttype_company_and_more.py", "Python", 0, 0, 0, 0, 43, 0, 0, 0, 0, 1, 6, 50
"c:\HRMS\hrms_project\documents\migrations\0003_add_employee_link.py", "Python", 0, 0, 0, 0, 19, 0, 0, 0, 0, 1, 6, 26
"c:\HRMS\hrms_project\documents\migrations\0004_nullable_archive_file.py", "Python", 0, 0, 0, 0, 12, 0, 0, 0, 0, 1, 6, 19
"c:\HRMS\hrms_project\documents\migrations\__init__.py", "Python", 0, 0, 0, 0, 0, 0, 0, 0, 0, 0, 1, 1
"c:\HRMS\hrms_project\documents\models.py", "Python", 0, 0, 0, 0, 185, 0, 0, 0, 0, 26, 26, 237
"c:\HRMS\hrms_project\documents\serializers.py", "Python", 0, 0, 0, 0, 94, 0, 0, 0, 0, 7, 16, 117
"c:\HRMS\hrms_project\documents\urls.py", "Python", 0, 0, 0, 0, 19, 0, 0, 0, 0, 1, 2, 22
"c:\HRMS\hrms_project\documents\views.py", "Python", 0, 0, 0, 0, 101, 0, 0, 0, 0, 16, 19, 136
"c:\HRMS\hrms_project\employees\__init__.py", "Python", 0, 0, 0, 0, 0, 0, 0, 0, 0, 1, 0, 1
"c:\HRMS\hrms_project\employees\apps.py", "Python", 0, 0, 0, 0, 8, 0, 0, 0, 0, 0, 4, 12
"c:\HRMS\hrms_project\employees\assistant_views.py", "Python", 0, 0, 0, 0, 198, 0, 0, 0, 0, 27, 30, 255
"c:\HRMS\hrms_project\employees\dashboard_views.py", "Python", 0, 0, 0, 0, 100, 0, 0, 0, 0, 4, 17, 121
"c:\HRMS\hrms_project\employees\engines\__init__.py", "Python", 0, 0, 0, 0, 1, 0, 0, 0, 0, 0, 0, 1
"c:\HRMS\hrms_project\employees\engines\employee_engine.py", "Python", 0, 0, 0, 0, 174, 0, 0, 0, 0, 54, 33, 261
"c:\HRMS\hrms_project\employees\engines\scoring_engine.py", "Python", 0, 0, 0, 0, 175, 0, 0, 0, 0, 36, 29, 240
"c:\HRMS\hrms_project\employees\filters.py", "Python", 0, 0, 0, 0, 42, 0, 0, 0, 0, 8, 11, 61
"c:\HRMS\hrms_project\employees\migrations\0001_initial.py", "Python", 0, 0, 0, 0, 148, 0, 0, 0, 0, 1, 7, 156
"c:\HRMS\hrms_project\employees\migrations\0002_employee_photo.py", "Python", 0, 0, 0, 0, 12, 0, 0, 0, 0, 1, 6, 19
"c:\HRMS\hrms_project\employees\migrations\0003_alter_employee_contract_type_and_more.py", "Python", 0, 0, 0, 0, 43, 0, 0, 0, 0, 1, 6, 50
"c:\HRMS\hrms_project\employees\migrations\0004_contracttype_alter_employee_contract_type_and_more.py", "Python", 0, 0, 0, 0, 86, 0, 0, 0, 0, 2, 8, 96
"c:\HRMS\hrms_project\employees\migrations\0005_employee_distance_to_work_km_and_more.py", "Python", 0, 0, 0, 0, 53, 0, 0, 0, 0, 1, 6, 60
"c:\HRMS\hrms_project\employees\migrations\0006_employee_city_employee_work_end_time_and_more.py", "Python", 0, 0, 0, 0, 22, 0, 0, 0, 0, 1, 6, 29
"c:\HRMS\hrms_project\employees\migrations\0007_workexperience.py", "Python", 0, 0, 0, 0, 30, 0, 0, 0, 0, 1, 6, 37
"c:\HRMS\hrms_project\employees\migrations\0008_alter_employee_work_end_time_and_more.py", "Python", 0, 0, 0, 0, 17, 0, 0, 0, 0, 1, 6, 24
"c:\HRMS\hrms_project\employees\migrations\0009_employee_has_car_employee_housing_type.py", "Python", 0, 0, 0, 0, 17, 0, 0, 0, 0, 1, 6, 24
"c:\HRMS\hrms_project\employees\migrations\0010_employee_account_number_employee_bank_name_and_more.py", "Python", 0, 0, 0, 0, 137, 0, 0, 0, 0, 1, 6, 144
"c:\HRMS\hrms_project\employees\migrations\0011_add_hr_request.py", "Python", 0, 0, 0, 0, 32, 0, 0, 0, 0, 1, 6, 39
"c:\HRMS\hrms_project\employees\migrations\__init__.py", "Python", 0, 0, 0, 0, 0, 0, 0, 0, 0, 0, 1, 1
"c:\HRMS\hrms_project\employees\models.py", "Python", 0, 0, 0, 0, 785, 0, 0, 0, 0, 68, 76, 929
"c:\HRMS\hrms_project\employees\phonebook_views.py", "Python", 0, 0, 0, 0, 96, 0, 0, 0, 0, 5, 11, 112
"c:\HRMS\hrms_project\employees\report_views.py", "Python", 0, 0, 0, 0, 256, 0, 0, 0, 0, 6, 34, 296
"c:\HRMS\hrms_project\employees\requests_serializers.py", "Python", 0, 0, 0, 0, 40, 0, 0, 0, 0, 1, 7, 48
"c:\HRMS\hrms_project\employees\requests_views.py", "Python", 0, 0, 0, 0, 89, 0, 0, 0, 0, 7, 14, 110
"c:\HRMS\hrms_project\employees\scoring_views.py", "Python", 0, 0, 0, 0, 37, 0, 0, 0, 0, 3, 10, 50
"c:\HRMS\hrms_project\employees\serializers.py", "Python", 0, 0, 0, 0, 230, 0, 0, 0, 0, 27, 51, 308
"c:\HRMS\hrms_project\employees\signals.py", "Python", 0, 0, 0, 0, 40, 0, 0, 0, 0, 6, 6, 52
"c:\HRMS\hrms_project\employees\urls.py", "Python", 0, 0, 0, 0, 59, 0, 0, 0, 0, 7, 8, 74
"c:\HRMS\hrms_project\employees\views.py", "Python", 0, 0, 0, 0, 184, 0, 0, 0, 0, 31, 48, 263
"c:\HRMS\hrms_project\hrms_project\__init__.py", "Python", 0, 0, 0, 0, 2, 0, 0, 0, 0, 1, 2, 5
"c:\HRMS\hrms_project\hrms_project\asgi.py", "Python", 0, 0, 0, 0, 4, 0, 0, 0, 0, 8, 4, 16
"c:\HRMS\hrms_project\hrms_project\celery.py", "Python", 0, 0, 0, 0, 33, 0, 0, 0, 0, 20, 12, 65
"c:\HRMS\hrms_project\hrms_project\settings\__init__.py", "Python", 0, 0, 0, 0, 0, 0, 0, 0, 0, 1, 0, 1
"c:\HRMS\hrms_project\hrms_project\settings\base.py", "Python", 0, 0, 0, 0, 184, 0, 0, 0, 0, 86, 55, 325
"c:\HRMS\hrms_project\hrms_project\settings\development.py", "Python", 0, 0, 0, 0, 5, 0, 0, 0, 0, 10, 1, 16
"c:\HRMS\hrms_project\hrms_project\settings\production.py", "Python", 0, 0, 0, 0, 139, 0, 0, 0, 0, 47, 29, 215
"c:\HRMS\hrms_project\hrms_project\urls.py", "Python", 0, 0, 0, 0, 32, 0, 0, 0, 0, 3, 3, 38
"c:\HRMS\hrms_project\hrms_project\wsgi.py", "Python", 0, 0, 0, 0, 4, 0, 0, 0, 0, 8, 4, 16
"c:\HRMS\hrms_project\leaves\__init__.py", "Python", 0, 0, 0, 0, 0, 0, 0, 0, 0, 1, 0, 1
"c:\HRMS\hrms_project\leaves\apps.py", "Python", 0, 0, 0, 0, 6, 0, 0, 0, 0, 0, 2, 8
"c:\HRMS\hrms_project\leaves\migrations\0001_initial.py", "Python", 0, 0, 0, 0, 33, 0, 0, 0, 0, 1, 7, 41
"c:\HRMS\hrms_project\leaves\migrations\0002_add_hourly_leave.py", "Python", 0, 0, 0, 0, 17, 0, 0, 0, 0, 1, 6, 24
"c:\HRMS\hrms_project\leaves\migrations\__init__.py", "Python", 0, 0, 0, 0, 0, 0, 0, 0, 0, 0, 1, 1
"c:\HRMS\hrms_project\leaves\models.py", "Python", 0, 0, 0, 0, 61, 0, 0, 0, 0, 2, 7, 70
"c:\HRMS\hrms_project\leaves\serializers.py", "Python", 0, 0, 0, 0, 44, 0, 0, 0, 0, 1, 8, 53
"c:\HRMS\hrms_project\leaves\tasks.py", "Python", 0, 0, 0, 0, 71, 0, 0, 0, 0, 23, 21, 115
"c:\HRMS\hrms_project\leaves\urls.py", "Python", 0, 0, 0, 0, 8, 0, 0, 0, 0, 1, 2, 11
"c:\HRMS\hrms_project\leaves\views.py", "Python", 0, 0, 0, 0, 109, 0, 0, 0, 0, 10, 24, 143
"c:\HRMS\hrms_project\manage.py", "Python", 0, 0, 0, 0, 15, 0, 0, 0, 0, 3, 4, 22
"c:\HRMS\hrms_project\orgchart\__init__.py", "Python", 0, 0, 0, 0, 0, 0, 0, 0, 0, 1, 0, 1
"c:\HRMS\hrms_project\orgchart\apps.py", "Python", 0, 0, 0, 0, 6, 0, 0, 0, 0, 0, 2, 8
"c:\HRMS\hrms_project\orgchart\migrations\0001_initial.py", "Python", 0, 0, 0, 0, 32, 0, 0, 0, 0, 1, 7, 40
"c:\HRMS\hrms_project\orgchart\migrations\0002_position_occupants.py", "Python", 0, 0, 0, 0, 13, 0, 0, 0, 0, 1, 6, 20
"c:\HRMS\hrms_project\orgchart\migrations\__init__.py", "Python", 0, 0, 0, 0, 0, 0, 0, 0, 0, 0, 1, 1
"c:\HRMS\hrms_project\orgchart\models.py", "Python", 0, 0, 0, 0, 29, 0, 0, 0, 0, 2, 4, 35
"c:\HRMS\hrms_project\orgchart\serializers.py", "Python", 0, 0, 0, 0, 24, 0, 0, 0, 0, 2, 6, 32
"c:\HRMS\hrms_project\orgchart\urls.py", "Python", 0, 0, 0, 0, 8, 0, 0, 0, 0, 1, 2, 11
"c:\HRMS\hrms_project\orgchart\views.py", "Python", 0, 0, 0, 0, 90, 0, 0, 0, 0, 10, 13, 113
"c:\HRMS\hrms_project\payroll\__init__.py", "Python", 0, 0, 0, 0, 0, 0, 0, 0, 0, 1, 0, 1
"c:\HRMS\hrms_project\payroll\apps.py", "Python", 0, 0, 0, 0, 6, 0, 0, 0, 0, 0, 2, 8
"c:\HRMS\hrms_project\payroll\migrations\0001_initial.py", "Python", 0, 0, 0, 0, 33, 0, 0, 0, 0, 1, 7, 41
"c:\HRMS\hrms_project\payroll\migrations\0002_employeetransaction_end_date_and_more.py", "Python", 0, 0, 0, 0, 37, 0, 0, 0, 0, 1, 6, 44
"c:\HRMS\hrms_project\payroll\migrations\0003_salaryrecord.py", "Python", 0, 0, 0, 0, 64, 0, 0, 0, 0, 1, 6, 71
"c:\HRMS\hrms_project\payroll\migrations\0004_benefitrecord.py", "Python", 0, 0, 0, 0, 34, 0, 0, 0, 0, 1, 6, 41
"c:\HRMS\hrms_project\payroll\migrations\0005_alter_benefitrecord_company_and_more.py", "Python", 0, 0, 0, 0, 49, 0, 0, 0, 0, 1, 6, 56
"c:\HRMS\hrms_project\payroll\migrations\__init__.py", "Python", 0, 0, 0, 0, 0, 0, 0, 0, 0, 0, 1, 1
"c:\HRMS\hrms_project\payroll\models.py", "Python", 0, 0, 0, 0, 310, 0, 0, 0, 0, 28, 34, 372
"c:\HRMS\hrms_project\payroll\serializers.py", "Python", 0, 0, 0, 0, 54, 0, 0, 0, 0, 2, 15, 71
"c:\HRMS\hrms_project\payroll\urls.py", "Python", 0, 0, 0, 0, 11, 0, 0, 0, 0, 0, 3, 14
"c:\HRMS\hrms_project\payroll\views.py", "Python", 0, 0, 0, 0, 213, 0, 0, 0, 0, 6, 29, 248
"c:\HRMS\hrms_project\requirements.txt", "pip requirements", 0, 0, 19, 0, 0, 0, 0, 0, 0, 0, 0, 19
"c:\HRMS\hrms_project\settings_app\__init__.py", "Python", 0, 0, 0, 0, 0, 0, 0, 0, 0, 1, 0, 1
"c:\HRMS\hrms_project\settings_app\apps.py", "Python", 0, 0, 0, 0, 6, 0, 0, 0, 0, 0, 2, 8
"c:\HRMS\hrms_project\settings_app\backup_views.py", "Python", 0, 0, 0, 0, 66, 0, 0, 0, 0, 6, 21, 93
"c:\HRMS\hrms_project\settings_app\engines\backup_engine.py", "Python", 0, 0, 0, 0, 115, 0, 0, 0, 0, 12, 25, 152
"c:\HRMS\hrms_project\settings_app\engines\settings_engine.py", "Python", 0, 0, 0, 0, 103, 0, 0, 0, 0, 18, 13, 134
"c:\HRMS\hrms_project\settings_app\import_views.py", "Python", 0, 0, 0, 0, 136, 0, 0, 0, 0, 10, 28, 174
"c:\HRMS\hrms_project\settings_app\migrations\0001_initial.py", "Python", 0, 0, 0, 0, 56, 0, 0, 0, 0, 1, 7, 64
"c:\HRMS\hrms_project\settings_app\migrations\__init__.py", "Python", 0, 0, 0, 0, 0, 0, 0, 0, 0, 0, 1, 1
"c:\HRMS\hrms_project\settings_app\models.py", "Python", 0, 0, 0, 0, 130, 0, 0, 0, 0, 9, 10, 149
"c:\HRMS\hrms_project\settings_app\serializers.py", "Python", 0, 0, 0, 0, 26, 0, 0, 0, 0, 1, 7, 34
"c:\HRMS\hrms_project\settings_app\urls.py", "Python", 0, 0, 0, 0, 26, 0, 0, 0, 0, 6, 7, 39
"c:\HRMS\hrms_project\settings_app\user_views.py", "Python", 0, 0, 0, 0, 177, 0, 0, 0, 0, 13, 44, 234
"c:\HRMS\hrms_project\settings_app\views.py", "Python", 0, 0, 0, 0, 76, 0, 0, 0, 0, 7, 26, 109
"Total", "-", 348, 607, 19, 12517, 11857, 849, 573, 126, 17, 2605, 3476, 32994